{"mean": [19.240563380281692, 15.278873239436622, 15.118450704225353, 15.39605633802817, 15.859718309859147, 0.4647887323943662, 14.83056338028169], "std": [0.6904925519459273, 1.314168241524026, 1.2748716012534762, 1.0941682529849381, 0.9161016178196562, 0.49875862562326123, 1.3348752511466324], "feature_names": ["\u0645\u0639\u062f\u0644 \u062f\u06cc\u067e\u0644\u0645", "basic_science_avg", "physiopathology_avg", "clinical_avg", "internship_avg", "medical_course_type", "11"]}