{"mean": [19.240563380281692, 15.278873239436622, 15.118450704225353, 15.39605633802817, 15.859718309859147, 0.4647887323943662, 14.83056338028169, 15.025915492957745, 15.398450704225352, 15.231549295774645, 15.276619718309858, 15.191830985915491], "std": [0.6904925519459273, 1.314168241524026, 1.2748716012534762, 1.0941682529849381, 0.9161016178196562, 0.49875862562326123, 1.3348752511466324, 1.3664496790050213, 1.389136572329737, 1.4365251971114616, 1.3780256785992033, 1.2734585377979832], "feature_names": ["\u0645\u0639\u062f\u0644 \u062f\u06cc\u067e\u0644\u0645", "basic_science_avg", "physiopathology_avg", "clinical_avg", "internship_avg", "medical_course_type", "11", "12", "21", "22", "31", "32"]}